url;index
www_google_com;1
www_youtube_com;2
www_instagram_com;3
youtu_be;4
ui_com;5
developers_googleblog_com_2018_03_transitioning-google-url-shortener_htm;6
www_spotify_com;7
zoom_us;8
www_blogger_com_about_?bpli=;9
one_one_one_one_dns;10
www_tumblr_com;11
sentry_io;12
mail_google_com_mail_u_0;13
www_forbes_com;14
www_bbc_co_uk;15
blog_google;16
kaspersky_com;17
discord_com;18
www_android_com;19
churchcenter_com;20
firebase_google_com_products_crashlytics;21
www_springer_com;22
www_wix_com;23
hipages_com_au;24
scribd_com;25
www_britannica_com:443;26
www_independent_co_uk;27
www_yelp_com;28
www_theverge_com;29
www_intel_com_content_www_us_en_homepage_htm;30
ietf_org;31
www_homedepot_com;32
www_name_com;33
appspot_com;34
glance_net;35
www_docker_com;36
www_typeform_com;37
www_google_com_business;38
chaturbate_com;39
www_jotform_com;40
www_t-online_de;41
www_airbnb_com;42
www_eporner_com;43
www_wikihow_com_Main-Pag;44
www_biblegateway_com;45
www_eyeota_com;46
www_onet_pl;47
apnews_com;48
www_ui_com;49
www_sportskeeda_com;50
www_clarin_com;51
www_flashscore_com;52
www_vox_com;53
www_wyze_com;54
trustarc_com;55
namu_wiki;56
acronis_com;57
www_fmkorea_com;58
xgroovy_com;59
www_notion_so;60
aniwave_to;61
kompoz2_com;62
www_3bmeteo_com;63
love4porn_com;64
betnacional_com;65
www_amarujala_com;66
hollywoodbets_net;67
www_jutarnji_hr;68
www_kooora_com_default_asp;69
www_eenadu_net;70
www_meta_com_quest;71
spankbang_party;72
tktube_com;73
rajwap_cc;74
evernote_com;75
digg_com;76
trustarc_com:443;77
www_wapoz_info;78
pornozavr_net;79
battwo_com;80
hotindianporn_mobi;81
www_mlb_com;82
dto_to;83
www_arbada_com;84
www_indianpornvideos_me;85
www_diretta_it;86
evexxx_com;87
sex4arab_xxx;88
betika_com;89
onlyindianx_cc;90
substack_com;91
yadongtube_net;92
olimpbet_kz;93
www_letras_mus_br;94
feedburner_com;95
www_wannonce_com;96
xxxnd_com;97
www_escort_club;98
hto_to;99
hackerdoslot_com;100
turbo_az;101
web_familyclub_jp;102
www_dynamicyield_com;103
www_thesun_co_uk;104
www_jetbrains_com;105
liveramp_com;106
www_siemens_com;107
www_ilmessaggero_it;108
www_aboutcookies_org;109
www_pcmag_com;110
anchor_fm;111
www_indiegogo_com;112
nordvpn_com;113
simontokx_art;114
www_tawk_to;115
justindianxporn_com;116
www_wixanswers_com;117
www_esquire_com;118
www_techradar_com;119
www_abtasty_com;120
www_overwolf_com_pages_homepage;121
slashdot_org;122
www_investing_com;123
nymag_com;124
www_thedailybeast_com;125
capitaloneshopping_com;126
www_tmz_com;127
grafana_com;128
web_dev;129
www_cookiebot_com;130
ipinfo_io;131
windy_com;132
moz_com;133
www_semrush_com;134
volusion_com;135
www_cosmopolitan_com;136
www_bigcommerce_com:443;137
www_goodhousekeeping_com;138
www_aviasales_ru;139
www_d2l_com:443;140
meta_com;141
www_sueddeutsche_de;142
www_elle_com;143
www_flaticon_com;144
www_porsche_com;145
www_code42_com;146
www_netgate_com;147
www_flightradar24_com;148
www_thehindu_com;149
www_nerdwallet_com;150
ripe_net;151
qnap_com;152
www_team-cymru_com;153
www_helpshift_com;154
video_az;155
nzherald_co_nz;156
www_menshealth_com;157
clickup_com;158
www_backblaze_com;159
iterable_com;160
www_abc_es;161
goteleport_co;162
www_kwai_com;163
www_harpersbazaar_com;164
www_monash_edu;165
mountain_com;166
www_traveloka_com_en-e;167
www_mercedes-benz_com_en;168
www_unsw_edu_au;169
thenextweb_com;170
www_womenshealthmag_com;171
www_adweek_com;172
www_wireshark_org;173
www_arduino_cc;174
www_loom_com;175
www_atlasobscura_com;176
xhamsterlive_com;177
hubapi_com;178
ourworldindata_org;179
hot-hard-porn_com;180
indiansextube_org;181
www_allianz_de:443;182
kolesa_kz;183
vn2_xvideos69_xxx;184
www_rte_ie;185
gitbook_io;186
www_revenuecat_com;187
www_clover_com;188
www_worldometers_info;189
www_flipsnack_com;190
www_popularmechanics_com;191
the-sun_com;192
www_knowbe4_com;193
www_politico_eu;194
www_slickstream_com;195
vds-shop_com;196
mihanwebhost_com;197
www_polygon_com;198
vwo_com;199
www_osano_com;200
www_eater_com;201
www_startribune_com;202
www_penguinrandomhouse_com;203
www_20minutes_fr;204
www_innervate_com;205
www_threads_net;206
www_routledge_com;207
www_thecut_com;208
www_cargurus_com;209
bongacams_com;210
prtimes_jp;211
www_zappos_com;212
www_een_com;213
www_aylanetworks_com;214
www_sofascore_com;215
www_mysterium_network;216
www_thinkwithgoogle_com;217
booth_pm;218
www_getepic_com;219
www_skyscanner_net;220
boingboing_net;221
www_nicehash_com:443;222
segmento_ru;223
boardgamegeek_com;224
www_delish_com;225
apptimize_com;226
wise_com;227
www_hyundaiusa_com_us_e;228
www_dawn_com;229
chicago_suntimes_co;230
sharechat_com;231
us_eufy_com;232
ubs_com;233
www_indiansexmms_me;234
mastodon_social;235
www_vulture_com;236
www_lifehack_org;237
wasabi_com;238
www_spanishdict_com;239
nanoleaf_me;240
www_iherb_com;241
www_mathway_com:443;242
www_zulily_com;243
www_vizio_com;244
www_sympla_com_br;245
www_incognia_com;246
www_pressreader_com;247
runescape_wiki;248
examiner_com;249
www_logicmonitor_com;250
www_google_com_chromebook_apps;251
www_biography_com;252
www_linewize_com;253
www_sbnation_com;254
www_cian_ru;255
emarsys_com;256
freebitco_in;257
render_co;258
www_countryliving_com;259
www_utk_edu;260
www_amazon_se;261
cloudez_io_b;262
ntp_br;263
superawesome_tv;264
www_fashionnova_com;265
shop_app;266
www_google_com_chrome;267
gamer_com_tw;268
www_brevo_com;269
bethesda_net;270
www_logitech_com_index_cfm_en-u;271
www_ecwid_com;272
www_mendix_com;273
c-span_org;274
www_wikiwand_com;275
www_thrillist_com;276
www_rnp_br;277
yoast_com;278
zetaglobal_com_advantages_zeta-intelligence;279
24tv_ua;280
www_kaufland_de;281
www_blocket_se;282
hanime_tv;283
www_therapynotes_com;284
firebase_google_com_products_hosting;285
www_tradeinn_com;286
about_google;287
www_allmusic_com;288
www_empik_com;289
solitaired_com;290
www_chronicle_com;291
www_elcorreo_com;292
olark_com;293
goodporn_to;294
blueshift_com;295
www_iflscience_com;296
www_curbed_com;297
august_com;298
n_rich;299
www_playwire_com;300
cloud_google_com_looker;301
www_helpguide_org;302
www_narrative_io;303
foundationapi_com;304
fmoviesz_to;305
www_ezoic_com;306
kaggle_com;307
vtex_com;308
www_dialogue_co_en;309
towardsdatascience_com;310
iq_com;311
www_aweber_com;312
linkvertise_com;313
www_hpsmart_com:443;314
auchan_fr;315
www_viki_com;316
www_ewg_org;317
slidesgo_com;318
www_ole_com_ar;319
www_grandstream_co;320
hdzog_com;321
www_instant-gaming_com;322
www_thewrap_com;323
www_royalroad_com;324
www_credly_com;325
erothots_co;326
now_gg;327
www_elnacional_cat;328
www_androidauthority_com;329
www_topuniversities_com;330
www_enjoei_com_br;331
netcraft_com;332
www4_javhdporn_net;333
www_15min_lt;334
www_gbnews_com;335
www_hornbach_de;336
krisha_kz;337
activebeat_com;338
www_mindbodygreen_com;339
tube4world_com;340
sextb_net;341
www_grancursosonline_com_br;342
upmusics_com;343
njav_tv;344
www_klix_ba;345
www_work_ua;346
www_sciencenews_org;347
sudoku_com;348
www_evite_com;349
www_ilrestodelcarlino_it;350
www_gsp_ro;351
preply_com;352
www_prevention_com;353
www_borsaitaliana_it;354
matalan_co_uk;355
www_sporx_com;356
xcafe_com;357
www_ilgazzettino_it;358
www_teachtci_com;359
www_pricespider_com;360
www_gazzetta_gr;361
fanfox_net;362
www_20min_c;363
www_hellofresh_com:443;364
www_borwap_pro;365
slobodnadalmacija_hr;366
www_kyoto-u_ac_jp_j;367
www_nobroker_in;368
www_canalrcn_com;369
makeup_com_ua;370
www_stnvideo_com;371
www_provenexpert_com;372
messagebird_com_email_cloud-sending?sp=tru;373
2beeg_me;374
www_ruijienetworks_com;375
hnonline_sk;376
celebjihad_com_main;377
www_airasia_com;378
maze_co;379
www_diariouno_com_ar;380
www_law_com;381
www_getbeamer_com;382
kqed_org;383
www_alura_com_br;384
www_soccerstand_com;385
www_tiempo_com;386
n1info_rs;387
www_zoosk_com;388
www_porno-zona_com;389
macaro-ni_jp;390
www_milffox_com;391
shafa_ua;392
www_doctoralia_com_br;393
3gpking_name;394
www_sendspace_com;395
mangareader_to;396
jmcomic1_me;397
xn--mgbkt9eckr_net;398
vyvymanga_net;399
coolrom_com_au;400
www_voetbalprimeur_nl;401
www2_javdock_com;402
www_machotube_tv;403
hmetro_com_my;404
pisofiph_com;405
www_cyon_ch;406
manhuaus_com;407
www_icevonline_com;408
mojapp_in;409
www_arabx_cam;410
plejada_pl;411
javmix_tv;412
sextop1_info;413
musico_ir;414
a1_bluesystem_me;415
www_porndotcom_org;416
www_nosto_com;417
www_hentaistube_com;418
wws_brstej_com;419
yourdiy_com;420
www_boat-lifestyle_com;421
romarg_com;422
rolotube_com;423
hello_porn;424
www_tameteo_com;425
wto_to;426
www_windowscentral_com;427
www_famethemes_com;428
timebucks_com;429
www_fotmob_com;430
www_karlsruhe-insider_de;431
anysex_com;432
www_c5n_com;433
www_epsilon_com;434
sorenson_com_captioned-calls_captioncall;435
onlyhardporn_mobi;436
originalhindiporn_mobi;437
surahquran_com;438
www_pornorama_com;439
www_getrushapp_com;440
hentaithai_com;441
www_meteored_com_ar;442
n2ch_net;443
www_theringer_com;444
futbollibre_futbol;445
dachicky_com;446
www_geekwire_com;447
aeolservice_es;448
b_2ch2_net_zatsudan;449
futbol-libre_org_ver;450
www_cyberghostvpn_com_en_US;451
xnxxsexarab_com;452
www_baji_live;453
www_animesaturn_tv;454
www_amaporn_com;455
queropassagem_com_br;456
jeetbuzz_com;457
www_nukistream_com;458
videos-zoofilia_com;459
aagmaal_run;460
courselinkfree_us;461
dpsports_bet;462
bugfender_com;463
lapalabradeldia_com;464
www_e-monsite_com;465
batotwo_com;466
www_movavi_com;467
www_ruay_com;468
www_sdsu_edu;469
www_genyt_net;470
www_modaselvim_com;471
riyasewana_com;472
thelottovip_co;473
www_kiskegyed_hu;474
www_inxxx_com;475
xxxshake_com;476
albumaty_com;477
filelist_io;478
mobizil_com;479
www_redlights_be;480
studycafe_in;481
tamlinh247_com_vn;482
www_spectator_co_uk;483
www_nuevoloquo_co;484
halkarz_com;485
tubemania_info;486
bokepmama_hair;487
hackerdoslot2_com;488
www_quartier-rouge_be;489
www_piaotia_com;490
www_runnersworld_com;491
tigerexch247_vip;492
uwin789_vip;493
www_cloudbees_com_products_feature-management_capabilities_feature-managemen;494
www_deliveryhero_i;495
www_laweekly_com;496
fap2bed_com;497
bokepindoxxi_monster;498
amarmatka_co;499
